label,precision,recall,f1-score,support
1,0.7877853177051203,0.8384766907419566,0.8123409669211195,1523.0
2,0.7121621621621622,0.6994027869940279,0.7057248074991631,1507.0
3,0.7296587926509186,0.7498314227916386,0.7396075823079481,1483.0
4,0.7474747474747475,0.74,0.743718592964824,1500.0
5,0.8423326133909287,0.7873485868102288,0.8139130434782608,1486.0
accuracy,0.7631684224563275,0.7631684224563275,0.7631684224563275,0.7631684224563275
macro avg,0.7638827266767755,0.7630118974675704,0.7630609986342631,7499.0
weighted avg,0.76383888404529,0.7631684224563275,0.7631168547994027,7499.0
