label,precision,recall,f1-score,support
1,0.8652463020762654,0.9072282299373933,0.8857400847398762,7028.0
2,0.8308217230594257,0.8311762195989191,0.8309989335229294,7031.0
3,0.841816078658184,0.8351742935016497,0.8384820335565638,6971.0
4,0.823338963963964,0.8359296841503502,0.8295865541450961,6997.0
5,0.9045737729828294,0.8532320481582342,0.8781531199291931,6977.0
accuracy,0.8525882756256428,0.8525882756256428,0.8525882756256428,0.8525882756256428
macro avg,0.8531593681481336,0.8525480950693094,0.8525921451787317,35004.0
weighted avg,0.8531274247259191,0.8525882756256428,0.8525964035588387,35004.0
