label,precision,recall,f1-score,support
1,0.9274103139013453,0.9416619237336369,0.9344817848065519,7028.0
2,0.8737999165159316,0.8931873133266961,0.8833872555915038,7031.0
3,0.8498398291510945,0.9133553292210587,0.8804535711816358,6971.0
4,0.8777266656774002,0.8453622981277691,0.8612405358182877,6997.0
5,0.9525581395348838,0.8806077110505948,0.9151709242570939,6977.0
accuracy,0.8948691578105359,0.8948691578105359,0.8948691578105359,0.8948691578105359
macro avg,0.8962669729561311,0.894834915091951,0.8949468143310145,35004.0
weighted avg,0.8962750533485917,0.8948691578105359,0.894969808880522,35004.0
