label,precision,recall,f1-score,support
1,0.7830551989730423,0.8010505581089954,0.791950665368387,1523.0
2,0.6558018252933507,0.6675514266755143,0.661624465636304,1507.0
3,0.6655072463768116,0.7741065407956844,0.7157107231920199,1483.0
4,0.7384057971014493,0.6793333333333333,0.7076388888888889,1500.0
5,0.8648233486943164,0.7577388963660835,0.8077474892395984,1486.0
accuracy,0.7359647953060408,0.7359647953060408,0.7359647953060408,0.7359647953060408
macro avg,0.7415186832877941,0.735956151055922,0.7369344464650396,7499.0
weighted avg,0.7415081820165038,0.7359647953060408,0.7369487982273777,7499.0
